Date (walk),Map status,GPX file ID,Comments,Desc,Route comments (Harshit),Route comments (Jay),Distance (heuristic),Food Rating/comments (if enthu@ Harshit),Food Rating/comments (if enthu@ Jay)
2/9/2025,Added,6417083503,,"Following bus ride to the UWS, walked down Malcolm X Boulevard to Chai, a Pakistani tea place. Somewhat underwhelming cup of tea later, walked to a Bombay Frankie place - Roti Roll, that was universally liked by everyone",,,1.32 mi,"Kaafi: 6.5/10, Roti Roll: 8.5/10","Kaafi: 3/10, Roti Roll: 8/10"
2/9/2025,Added,6416489479,,Went to Central Park on a snow day. Exited to catch a bus to UWS,,,0.17 mi,,
2/4/2025,Added,6417120514,,"Met up near Bryant Park for food.Went to Red Flame Diner for dinner, and then walked down Park Avenue to Mardia's home.",,,3.04 mi,Red Flame Diner: 7/10 (Harshit),Red Flame Diner: 5/10
1/25/2025,Added,6417313465,,"Met at Chama Mama for Dinner, then took a short walk down the st. to Gadfly Bar.",,,,Chama Mama: 8/10,Chama Mama: 6/10
1/18/2025,Added,6417284416,,"Large group lunch at Pier 57, followed by trip to DDK's house.","We walked from blah to Pier 57, but the exact route is not easy to figure out. So skipped that for now.",,0.39 mi,Pier 57 Food Court: 7.5/10 (Harshit),
1/4/2025,Added,6417090139,,Walked from W 4th St station to Honest Indian Restaurant for a weekend lunch,,,0.27 mi,Honest Indian Restaurant: 7.5/10 (Harshit),Honest India Restaurant: 7/10
10/2/2024,Added,6417213091,,"Made Korean pancakes at Harshit's house, and then walked to FDR park on Roosevelt Island",,,1.16 mi,Homemade: 7.5/10 (Harshit),Korean Pancakes: 7.5/10
9/25/2024,Added,6263562727,,"Had Ramen @ Ivan Ramen, before walking to Broadway/Delancey Station.",,,0.36 mi,Ivan Ramen: 8/10,Ivan Ramen Do not Remember food opinion
9/24/2024,Added,6263559136,,"Watched My Old Ass at AMC Kips Bay, then just walked to station together",,,0.35 mi,,
9/17/2024,Added,6263565601,,Met up near MSK for a walk on the UES. Ended with dinner at La Vista Pizza near the tram station.,,,1.4 mi,La Vista Pizza: 8.25/10,
2/11/2025,Added,6422392162,,"Burlington at Union Sq to Flatiron building, first up union sq west and then broadway. From Flatiron, go west on 23rd till 6 Av F station",,Post work walk Charvi Harshit Jay. tea and dubai chocolate from Lava Shawarma. ,,,"Lava Shawarma tea is a tad too sweet, but recommend their food."
3/4/2025,Added,6575041974,,"L'industrie to Peculier Pub. down christopher, west 4th, macdougal, bleecker.",,hanging out with charvi and sanchit ,,,L'industrie pizza - 7/10
3/8/2025,Added,6575051892,,"Union Sq to 2nd Ave on 14th, down to East 3rd, then to Avenue B on East 3rd. Then walk to F stop at 2nd Av and Houston",,walk + co-work + chai with charvi,,,"Kolkata Chai Co - kadak chai was surprisingly good, 7/10. But lots of options only available in oat milk, 3/10."
3/22/2025,Added,6575049331,,2 av and Houston F stop to DROM on ave a,,chappell roan dance party,,,
3/25/2025,Added,6575048225,,qahwah house w village to shake shack w village,,get chai and hang out with charvi,,,
3/28/2025,Added,6575052325,,two blocks on East 13th. univ place to 4th ave,,pizza,,,
3/31/2025,Added,6575053159,,"union sq burlington to TJ on 14th st. then back to broadway on 14th, down broadway to 11th. east on 11th to 6th Ave. South to west 4th st on 3rd st",,,,,
5/11/2025,Added,6575051198,,"lex 63rd station, bagel point, bauman rare books via 57th, mcnally jackson at Rockefeller via st Patrick's cathedral ",,,,,
5/17/2025,Added,6575045308,,"bagel to sandwich near PATB. then to 6th Ave, go south on 6th to flatiron, rizzoli, then go west to 6th and down to 8th st",,,,,
5/18/2025,Added,6550841524,,"broadway Lafayette on bway, all the way down broadway to bowling green / battery park",,,,,
5/31/2025,Added,6600479218,,bookoff to handcraft burgers and brew down 6th ave. little farther down 6th ave,,,,,
6/6/2025,Added,6600480627,,la pulperia to hyderabadi zaiqa. then east to 6th ave and down to 47-50 rockefeller stn(?),,,,,
6/15/2025,Added,6600489463,,"KEI to Flixbus bus stop. For High Line, I can't figure out if we went down 30st or 31st, so I skipped it.",Split into 2,"KEI izakaya ramen to penn station bus stop. Then west to high line and the vessel. then north on hudson blvd E to 36th. then east on 36th to 9th ave - kashmir9. then north on 9th ave to 39th, east on 39th to drama bookshop",,,
6/15/2025,Added,6600490211,,"North on Hudson Yard to Kashmir 9, then Bookshop",,"KEI izakaya ramen to penn station bus stop. Then west to high line and the vessel. then north on hudson blvd E to 36th. then east on 36th to 9th ave - kashmir9. then north on 9th ave to 39th, east on 39th to drama bookshop",,,
6/28/2025,Added,6600492832,,Madras Dosa Co on (21st st) 6th Ave to 23rd St ACE station on 8th Ave. West on 21st then north on 7th to 22nd then west on 22nd to 8th and north to station,,,,,
7/5/2025,Added,6600493436,,"wok to Walk, one block north, one (?) block east to broadway.",,,,,
7/12/2025,Added,6600494713,,"57th and 8th for Manhattanhenge, then to Venchi, then to central park on 7th","This route i'm not sure of. I added 57/8th to Venchi via circle, then ",,,,
7/21/2025,Added,6600496393,,"Union Sq to Hummus and Pita Co - west on 14th, then north on 6th Ave. Then after dinner, south on 6th Ave to 13th. West on 13th to 7th Ave, South on 7th Ave until greenwich, then southwest on greenwich upto 6th Ave. Then south on 6th ave to Tashkent Supermarket",,,,,
8/21/2025,Added,6648209249,,ave c to 1st Ave on 11th St,,,,,
9/3/2025,Added,6648210583,,Broadway to 6th Ave on 13th st. then north on 6th Ave to 14th st. after max brenner,,,,,
10/7/2025,Added,6648214885,,"union sq to 8th st on university place, then to grandpa thai and back. then down univerosty place straight to wooster st, reaching canal st. then go to west broadway on canal, north to wsp on west broadway / la guardia place. then to west 4th on 4th",,,,,
10/25/2025,Added,6649674856,,walk with Ri around wash sq. from think coffee go north to hey tea lane? go left to wash sq. walk to pommes frites on macdougal. walk north to west 3rd then right to broadway. go north a block then south a block to bleecker. right on bleecker until la guardia. South on la guardia to houston. then west on Houston to film forum,,,,,
10/31/2025,Added,6649678948,,"Roosevelt island. from just outside H building, go north. go right to look at sea. keep going north until we reach car park / highway. go to shop. go south back to H house on most happening street of the islan",,,,,
11/8/2025,Added,6651192224,,ess a bagel on 1st Ave stuy town. south to 14th st on 1st Ave. West on 14th to university place. South on university pl to 8th st. West on 8th st to 6th ave,,,,,
11/9/2025,Added,6651194121,,"Short lexington ave walk. Meet at 60th and lex, upto 62nd then left to park ave, down 1st, back to lex, and then 2 blocks up to 63rd and lex.",,,,,
11/5/2025,Added,6651244415,,"meet at delancey essex intersection where station is. walk west to allen on delancey, then slightly north to antler. then walk back from antler tp delancey essex stn. walk north to Houston on either essex or Norfolk, not sure. walk west on Houston to 2nd Ave stn",,,,,
5/11/2026,Added,6720757503,,met at 57th and 6th. West to 8th Ave. South to 36th. east to 6th Ave. South to 14th.,,,,,
8/1/2026,Added ,6758716158,,W4th to Al Antico Vinaio to McNally Jackson,,,,,